contract_id,agency,naics_code,duration_days,materials_cost,total_cost,risk_level
C0000,HHS,541512,132,79584.31,"$116,269.54",Medium
C0001,GSA,518210,378,18194.39,"$78,095.08",Medium
C0002,DHS,518210,300,6355.65,"$47,997.54",Low
C0003,DHS,541511,136,42042.03,"$82,427.38",Low
C0004,DoD,541512,101,18411.7,"$44,124.13",Low
C0005,DoD,541511,218,,"$54,432.94",Low
C0006,HHS,541511,50,60812.79,"$87,272.52",Low
C0007,DoD,541511,132,59070.49,"$99,220.11",Low
C0008,GSA,541511,151,28104.56,"$48,181.01",Low
C0009,DHS,518210,244,45690.52,"$98,325.85",Low
C0010,HHS,518210,360,43161.06,"$92,117.25",Medium
C0011,DoD,541511,117,52724.95,"$81,194.92",Low
C0012,GSA,541512,129,23784.64,"$62,130.52",Low
C0013,GSA,541512,389,49240.31,"$108,622.19",High
C0014,DoD,541512,181,78416.96,"$133,253.79",Medium
C0015,DHS,541512,160,41505.66,"$64,128.77",Low
C0016,DoD,541511,179,72957.41,"$137,975.15",Medium
C0017,HHS,518210,338,37579.58,"$91,977.02",Medium
C0018,DoD,541512,287,31255.88,"$80,835.21",Low
C0019,GSA,541511,373,53382.75,"$120,589.87",High
C0020,DoD,541512,323,55169.3,"$120,340.63",High
C0021,DHS,541512,221,69812.57,"$110,122.90",Medium
C0022,VA,541511,306,22263.9,"$70,620.37",Medium
C0023,DoD,518210,190,42439.5,"$77,701.20",Low
C0024,DHS,518210,343,47900.31,"$94,913.95",Medium
C0025,DHS,541511,51,62641.55,"$100,450.99",Low
C0026,GSA,518210,282,8270.28,"$46,773.98",Low
C0027,DHS,541511,265,79591.29,"$142,208.84",Medium
C0028,DHS,541511,374,40245.84,"$103,638.35",Medium
C0029,DHS,541511,78,25967.03,"$45,438.32",Low
C0030,DHS,518210,88,71262.05,"$124,000.89",Medium
C0031,HHS,541511,199,,"$107,904.46",Medium
C0032,HHS,541512,217,76480.39,"$118,000.89",Medium
C0033,GSA,518210,300,29806.27,"$76,545.10",Low
C0034,DoD,518210,219,46457.37,"$95,672.49",Low
C0035,DHS,518210,204,47921.94,"$96,039.28",Low
C0036,DoD,518210,80,78524.87,"$107,980.08",Medium
C0037,DoD,541512,393,10650.97,"$73,442.12",Medium
C0038,GSA,518210,84,27927.28,"$37,282.52",Low
C0039,DHS,518210,273,19318.33,"$72,026.91",Low
C0040,DHS,541511,349,25135.61,"$69,001.52",Medium
C0041,VA,518210,160,41395.99,"$76,204.83",Low
C0042,DoD,541512,336,32951.52,"$96,673.52",Medium
C0043,DoD,541512,164,34601.86,"$70,619.26",Low
C0044,HHS,541512,50,68315.99,"$106,344.37",Medium
C0045,VA,541512,358,74751.26,"$150,085.94",High
C0046,HHS,518210,196,10281.21,"$52,175.72",Low
C0047,HHS,518210,303,20668.9,"$76,727.25",Medium
C0048,HHS,541512,118,55335.76,"$87,466.54",Low
C0049,GSA,541512,345,31898.51,"$92,931.59",Medium
C0050,GSA,518210,43,24062.27,"$29,228.54",Low
C0051,HHS,541512,271,27146.79,"$72,347.59",Low
C0052,VA,541511,294,29191.31,"$84,776.58",Low
C0053,DoD,541512,375,68650.23,"$140,316.09",High
C0054,VA,541512,82,15246.6,"$38,233.70",Low
C0055,DHS,541511,369,58168.32,"$123,192.64",High
C0056,GSA,541511,121,46461.5,"$88,952.50",Low
C0057,DoD,518210,396,27238.26,"$87,286.41",Medium
C0058,DoD,518210,293,36483.56,"$83,865.03",Low
C0059,DHS,541511,64,24215.52,"$51,252.32",Low
C0060,DHS,541511,235,50863.53,"$88,081.31",Low
C0061,HHS,518210,110,11119.56,"$36,663.70",Low
C0062,GSA,541512,79,5388.86,"$13,145.65",Low
C0063,GSA,541511,389,52092.08,"$129,623.12",High
C0064,VA,518210,31,19570.55,"$32,073.49",Low
C0065,HHS,541512,83,10320.57,"$29,456.62",Low
C0066,HHS,541511,135,34758.79,"$69,686.99",Low
C0067,HHS,541512,289,8807.64,"$35,692.46",Low
C0068,HHS,518210,339,71496.29,"$133,420.49",High
C0069,GSA,541511,220,7071.26,"$48,941.00",Low
C0070,GSA,541512,247,48414.87,"$104,521.45",Medium
C0071,HHS,541511,73,37885.56,"$65,275.48",Low
C0072,VA,541512,191,55401.96,"$89,146.84",Low
C0073,DoD,518210,231,29611.45,"$75,898.91",Low
C0074,DoD,518210,299,16628.12,"$68,203.75",Low
C0075,VA,541511,380,78638.07,"$153,205.62",High
C0076,HHS,541512,333,67920.01,"$143,041.38",High
C0077,GSA,541511,300,69530.35,"$125,922.00",Medium
C0078,DoD,541511,244,23768.85,"$61,100.65",Low
C0079,DHS,541512,281,7912.61,"$29,129.49",Low
C0080,DHS,541512,219,27744.91,"$74,707.01",Low
C0081,VA,541512,325,45281.18,"$105,376.43",High
C0082,HHS,518210,242,29498.84,"$58,933.93",Low
C0083,DoD,541511,237,67090.18,"$106,588.44",Medium
C0084,HHS,541511,266,25365.72,"$62,914.39",Low
C0085,DoD,518210,367,77393.89,"$156,001.32",High
C0086,VA,541512,396,39294.89,"$101,200.47",
C0087,VA,518210,82,68151.73,"$96,998.95",Low
C0088,DHS,518210,309,19578.5,"$59,483.13",Medium
C0089,HHS,518210,246,35851.54,"$72,719.71",Low
C0090,DHS,541511,281,57463.42,"$97,953.01",Low
C0091,HHS,518210,217,15376.48,"$41,370.26",Low
C0092,DHS,541511,70,14955.91,"$24,278.05",Low
C0093,GSA,541511,186,77715.27,"$133,810.83",Medium
C0094,GSA,541511,44,58594.63,"$85,127.24",Low
C0095,GSA,541512,330,8080.06,"$48,499.40",Medium
C0096,GSA,541511,94,,"$80,142.82",Low
C0097,DoD,541511,374,37514.06,"$93,337.10",Medium
C0098,GSA,541512,356,60803.2,"$136,100.98",High
C0099,VA,541511,38,23814.54,"$53,487.77",Low
C0100,VA,518210,373,,"$61,672.85",Medium
C0101,DoD,518210,158,11065.47,"$38,936.82",Low
C0102,GSA,541511,165,,"$68,920.39",Low
C0103,GSA,541512,92,56637.49,"$84,877.35",Low
C0104,GSA,518210,168,9364.52,"$41,776.89",Low
C0105,DHS,541512,110,73641.03,"$108,950.37",Medium
C0106,HHS,541512,192,38176.42,"$73,701.59",Low
C0107,DHS,518210,318,22984.05,"$71,694.35",Medium
C0108,HHS,541512,290,12040.5,"$52,465.45",Low
C0109,GSA,518210,260,18714.95,"$51,140.87",Low
C0110,GSA,541512,70,75096.05,"$117,392.12",
C0111,DHS,518210,57,52870.29,"$88,959.63",Low
C0112,DHS,541511,164,43752.22,"$84,306.83",Low
C0113,HHS,518210,230,54283.35,"$100,155.93",Low
C0114,VA,518210,357,37675.47,"$91,176.42",Medium
C0115,HHS,518210,297,,"$112,689.87",Medium
C0116,DHS,518210,62,8578.71,"$42,451.33",Low
C0117,DHS,541512,77,47452.79,"$83,431.33",Low
C0118,DoD,541511,91,16898.48,"$31,167.15",Low
C0119,DHS,518210,245,14012.35,"$53,933.64",Low
C0120,DoD,541512,322,30640.98,"$80,572.99",Medium
C0121,VA,541511,128,11884.93,"$40,480.81",Low
C0122,HHS,541511,201,,"$49,148.30",Low
C0123,HHS,541511,389,28356.0,"$97,211.67",Medium
C0124,DoD,541511,243,78463.29,"$129,357.82",Medium
C0125,HHS,518210,64,18149.77,"$37,112.58",Low
C0126,DHS,518210,256,6287.08,"$29,904.83",Low
C0127,GSA,541512,130,62252.33,"$91,469.31",Low
C0128,DoD,541512,160,65518.47,"$116,446.82",Medium
C0129,HHS,541512,286,30972.82,"$71,979.20",Low
C0130,DoD,541511,34,39850.54,"$54,158.43",Low
C0131,DoD,541511,247,53733.03,"$104,426.71",Low
C0132,GSA,518210,284,8604.42,"$55,823.83",Low
C0133,DHS,541511,388,76185.93,"$142,115.09",High
C0134,DoD,541511,312,71501.03,"$107,544.87",High
C0135,HHS,541511,236,24567.02,"$58,295.34",Low
C0136,VA,541512,44,6147.84,"$27,917.22",Low
C0137,DoD,541512,375,75007.72,"$150,255.12",High
C0138,DoD,518210,71,42577.99,"$79,462.39",Low
C0139,GSA,541511,208,45453.31,"$79,994.77",Low
C0140,DHS,541511,92,56297.28,"$76,111.30",Low
C0141,VA,518210,381,51188.84,"$120,965.88",High
C0142,HHS,541511,260,75791.87,"$136,649.61",Medium
C0143,VA,541511,270,,"$138,408.97",Medium
C0144,HHS,541512,81,70039.92,"$113,235.87",Medium
C0145,DHS,518210,125,52730.27,"$91,922.83",Low
C0146,HHS,518210,251,65071.2,"$122,957.50",
C0147,GSA,518210,260,55787.63,"$114,443.97",Medium
C0148,GSA,518210,266,48002.53,"$103,342.62",Low
C0149,GSA,541512,172,14637.53,"$51,528.35",Low
C0150,GSA,541512,200,65840.31,"$122,660.57",Medium
C0151,VA,541511,58,66547.96,"$110,725.86",Medium
C0152,DHS,541511,65,51945.48,"$75,135.59",Low
C0153,HHS,541511,42,66532.01,"$100,376.11",Low
C0154,HHS,541511,189,53861.36,"$94,737.18",Low
C0155,GSA,541512,356,20501.33,"$67,703.25",Medium
C0156,GSA,518210,216,25547.08,"$58,614.89",Low
C0157,DoD,541512,272,21094.18,"$69,022.08",Low
C0158,DHS,541511,115,33294.43,"$65,428.78",Low
C0159,VA,541512,313,,"$56,062.20",Medium
C0160,HHS,518210,95,51369.04,"$81,374.04",Low
C0161,DoD,518210,199,30241.57,"$68,221.35",Low
C0162,DoD,541512,74,54179.2,"$90,854.98",Low
C0163,HHS,541512,91,33904.75,"$48,081.03",Low
C0164,VA,541512,163,56121.03,"$97,714.47",Low
C0165,DoD,541511,313,30546.84,"$82,990.54",Medium
C0166,DoD,541512,57,,"$49,784.15",Low
C0167,DHS,541512,137,42202.81,"$65,501.66",Low
C0168,VA,541512,73,56966.78,"$99,777.88",Low
C0169,DoD,518210,369,31125.25,"$91,451.86",Medium
C0170,VA,518210,315,75248.61,"$142,755.84",High
C0171,HHS,541511,360,7938.97,"$55,309.63",Medium
C0172,GSA,541511,157,36345.95,"$75,393.92",Low
C0173,DoD,518210,377,77568.54,"$151,462.74",High
C0174,DHS,518210,260,46097.89,"$105,799.11",Medium
C0175,HHS,518210,219,36760.32,"$67,536.46",Low
C0176,VA,541512,254,47639.02,"$98,815.09",Low
C0177,HHS,541512,312,48194.34,"$108,360.74",High
C0178,DoD,518210,150,59873.58,"$99,344.68",Low
C0179,VA,541512,145,14576.73,"$38,112.42",Low
C0180,GSA,541512,262,23751.23,"$64,412.95",Low
C0181,HHS,541511,288,48540.8,"$104,060.16",Low
C0182,DoD,518210,388,70033.75,"$128,124.20",High
C0183,DHS,518210,227,47140.0,"$101,242.12",Low
C0184,VA,541512,166,22894.76,"$50,842.14",Low
C0185,HHS,518210,347,55988.36,"$120,447.29",High
C0186,HHS,541511,194,,"$109,857.92",Medium
C0187,GSA,541511,254,22867.71,"$61,001.58",Low
C0188,GSA,541511,336,33329.67,"$87,600.26",Medium
C0189,DHS,518210,263,45074.56,"$78,875.01",Low
C0190,DHS,518210,201,42242.09,"$89,891.70",Low
C0191,DoD,518210,181,34221.36,"$79,848.32",
C0192,DoD,518210,344,,"$68,191.48",Medium
C0193,DHS,518210,189,12498.87,"$40,676.58",Low
C0194,DHS,541511,125,9011.4,"$21,875.86",Low
C0195,VA,541512,262,76890.61,"$134,975.87",Medium
C0196,GSA,541511,209,,"$124,365.55",Medium
C0197,DoD,518210,142,31617.89,"$71,041.73",Low
C0198,GSA,541511,347,76760.07,"$155,402.91",High
C0199,GSA,518210,81,55757.74,"$97,689.42",Low
C0200,DHS,518210,297,41189.07,"$92,406.49",Low
C0201,VA,541511,324,41976.92,"$89,274.33",Medium
C0202,HHS,518210,142,11246.33,"$35,743.51",Low
C0203,VA,541512,130,11877.81,"$41,107.29",Low
C0204,VA,518210,142,50183.07,"$77,459.91",Low
C0205,GSA,541512,110,46527.73,"$91,967.14",Low
C0206,VA,541512,216,20954.59,"$65,344.08",Low
C0207,DoD,518210,142,75964.59,"$119,141.43",Medium
C0208,GSA,541511,31,63597.2,"$85,709.39",Low
C0209,DoD,541512,159,13509.85,"$36,289.83",Low
C0210,HHS,541511,249,74819.68,"$132,739.24",Medium
C0211,GSA,541512,83,78068.62,"$114,613.98",Medium
C0212,HHS,518210,372,79694.84,"$160,847.32",High
C0213,GSA,518210,253,9190.34,"$44,563.63",Low
C0214,DHS,541512,254,60277.67,"$117,884.98",Medium
C0215,VA,518210,155,45943.68,"$83,095.39",Low
C0216,DHS,541512,159,57937.36,"$101,555.92",Low
C0217,HHS,518210,82,77648.9,"$113,943.11",Medium
C0218,VA,541511,201,,"$108,364.65",Medium
C0219,GSA,518210,247,67772.29,"$128,524.30",Medium
C0220,VA,541511,189,70015.15,"$122,379.13",Medium
C0221,DoD,518210,227,67886.06,"$125,351.99",Medium
C0222,VA,541511,276,36956.86,"$78,608.97",Low
C0223,DoD,518210,353,21693.23,"$78,147.17",Medium
C0224,VA,541511,232,34748.87,"$88,007.15",Low
C0225,DoD,541512,213,71892.27,"$127,951.19",Medium
C0226,HHS,541512,152,15995.36,"$35,788.23",Low
C0227,DHS,541511,284,43499.46,"$95,231.17",Low
C0228,GSA,518210,323,22492.11,"$75,999.56",Medium
C0229,VA,541511,309,48597.91,"$99,198.08",Medium
C0230,DHS,518210,354,69735.39,"$127,269.84",High
C0231,GSA,541512,127,71027.0,"$110,046.31",Medium
C0232,GSA,518210,227,22751.39,"$55,890.15",Low
C0233,DoD,541512,269,73077.03,"$132,165.82",
C0234,HHS,518210,173,49391.66,"$77,237.91",Low
C0235,HHS,518210,126,31266.37,"$65,283.89",Low
C0236,DHS,518210,230,58113.59,"$103,070.83",Low
C0237,HHS,541511,153,41125.02,"$84,788.55",Low
C0238,VA,541511,216,33349.07,"$72,058.60",Low
C0239,HHS,541512,355,57881.33,"$122,642.61",High
C0240,DHS,541512,378,23654.31,"$79,726.33",Medium
C0241,HHS,541511,288,,"$72,754.34",Low
C0242,VA,541512,177,37583.89,"$94,877.29",Low
C0243,DoD,541511,281,24026.16,"$65,987.08",Low
C0244,DHS,518210,375,35390.16,"$104,195.38",Medium
C0245,DoD,541512,176,47860.48,"$79,589.59",Low
C0246,DoD,541512,177,60573.04,"$107,962.00",Medium
C0247,DoD,541511,381,62539.61,"$135,852.48",High
C0248,GSA,541512,228,66709.28,"$118,888.64",Medium
C0249,GSA,541512,337,60815.87,"$119,932.60",High
C0250,DoD,518210,157,56077.96,"$94,634.77",
C0251,DHS,541512,68,22812.99,"$39,590.56",
C0252,VA,518210,367,35016.72,"$113,777.94",High
C0253,VA,541511,389,40828.62,"$104,576.38",High
C0254,HHS,541512,158,11216.85,"$42,741.01",Low
C0255,DHS,518210,296,44627.76,"$112,789.09",Medium
C0256,GSA,541511,180,37725.19,"$68,632.19",Low
C0257,DoD,541512,327,65158.19,"$129,246.93",High
C0258,HHS,541511,128,78342.55,"$120,051.83",Medium
C0259,VA,541512,292,46700.38,"$100,061.38",Low
C0260,GSA,541511,281,29201.48,"$75,249.83",Low
C0261,GSA,541511,173,8255.06,"$30,636.56",Low
C0262,DoD,518210,375,74348.25,"$148,216.01",High
C0263,VA,541511,141,73933.68,"$109,532.72",Medium
C0264,DHS,541512,89,23974.26,"$54,757.60",
C0265,GSA,541512,398,57155.83,"$132,049.06",High
C0266,DoD,518210,31,10657.59,"$18,627.17",Low
C0267,DHS,541512,333,17466.16,"$64,106.14",Medium
C0268,VA,541512,283,21260.68,"$68,802.97",Low
C0269,GSA,541512,169,27087.05,"$54,104.80",Low
C0270,DHS,541511,66,79687.35,"$131,009.40",Medium
C0271,DHS,541511,189,57269.38,"$104,993.60",Medium
C0272,DHS,541512,38,33815.14,"$56,665.78",Low
C0273,GSA,518210,262,60282.55,"$120,258.88",Medium
C0274,GSA,541511,128,73644.08,"$111,461.59",Medium
C0275,HHS,518210,176,76902.68,"$134,805.56",Medium
C0276,VA,541512,333,9339.79,"$58,018.00",Medium
C0277,DoD,541512,237,34589.13,"$86,007.04",Low
C0278,DHS,541511,160,13006.7,"$39,525.09",Low
C0279,HHS,541512,181,30174.5,"$76,485.08",Low
C0280,DoD,541511,83,17725.99,"$41,214.54",Low
C0281,HHS,541512,149,53513.63,"$109,907.77",Medium
C0282,GSA,541512,190,34120.13,"$69,199.99",Low
C0283,DHS,541511,145,22204.61,"$52,902.38",Low
C0284,DoD,541511,104,24945.34,"$41,656.34",Low
C0285,DoD,541511,142,32025.88,"$59,439.26",Low
C0286,DoD,541512,133,24496.24,"$57,754.60",Low
C0287,DoD,541512,369,38993.06,"$109,005.58",High
C0288,DoD,518210,283,7423.7,"$72,330.89",Low
C0289,HHS,541511,256,25982.26,"$68,723.91",Low
C0290,DHS,541512,141,35840.5,"$61,046.95",Low
C0291,GSA,541512,128,50208.64,"$91,657.84",
C0292,GSA,541511,182,25321.82,"$50,735.75",Low
C0293,GSA,518210,378,14988.88,"$74,359.77",Medium
C0294,GSA,541511,395,10715.03,"$62,311.49",Medium
C0295,HHS,518210,367,75539.89,"$148,934.61",
C0296,VA,541512,223,36247.93,"$87,610.68",Low
C0297,DHS,518210,339,48587.2,"$107,957.49",High
C0298,DoD,541512,192,73938.24,"$131,622.75",Medium
C0299,VA,541511,237,11206.13,"$54,993.24",Low
C0000,HHS,541512,132,79584.31,"$116,269.54",Medium
C0001,GSA,518210,378,18194.39,"$78,095.08",Medium
C0002,DHS,518210,300,6355.65,"$47,997.54",Low
C0003,DHS,541511,136,42042.03,"$82,427.38",Low
C0004,DoD,541512,101,18411.7,"$44,124.13",Low
