award_id,award_date,agency,obligated_amount
A00000,2022-10-02,DoD,"$31,400.98"
A00009,2022-10-02,GSA,"$40,284.37"
A00002,2022-10-04,DoD,"$70,927.47"
A00015,2022-10-05,DHS,"$56,110.60"
A00001,2022-10-10,DHS,"$113,223.43"
A00006,2022-10-11,DoD,"$19,673.85"
A00008,2022-10-14,HHS,"$48,883.15"
A00010,2022-10-14,DoD,"$23,351.71"
A00003,2022-10-15,HHS,"$57,410.23"
A00004,2022-10-15,VA,"$79,412.95"
A00005,2022-10-16,GSA,"$42,121.41"
A00011,2022-10-16,DoD,"$58,731.58"
A00014,2022-10-21,VA,"$50,948.16"
A00013,2022-10-22,DHS,"$53,215.93"
A00007,2022-10-31,DoD,"$26,981.44"
A00012,2022-10-31,HHS,"$97,099.77"
A00026,2022-11-01,GSA,"$18,109.09"
A00024,2022-11-02,VA,"$88,815.83"
A00017,2022-11-03,HHS,"$38,070.36"
A00027,2022-11-10,DHS,"$51,353.70"
A00020,2022-11-12,VA,"$52,230.16"
A00025,2022-11-13,GSA,"$26,161.91"
A00022,2022-11-14,DoD,"$41,989.75"
A00016,2022-11-15,HHS,"$86,912.79"
A00028,2022-11-15,GSA,"$45,253.38"
A00019,2022-11-18,DoD,"$74,397.62"
A00032,2022-11-18,HHS,"$53,834.14"
A00018,2022-11-20,HHS,"$28,012.08"
A00023,2022-11-20,DoD,"$28,199.03"
A00030,2022-11-23,DoD,"$45,842.91"
A00021,2022-11-25,GSA,"$119,513.84"
A00031,2022-11-28,GSA,"$50,694.68"
A00029,2022-11-29,DoD,"$47,211.49"
A00037,2022-12-01,HHS,"$45,822.83"
A00038,2022-12-03,DoD,"$186,207.36"
A00041,2022-12-12,DoD,"$79,726.29"
A00042,2022-12-13,DHS,"$51,867.64"
A00045,2022-12-13,DHS,"$56,903.87"
A00035,2022-12-17,HHS,"$74,671.99"
A00039,2022-12-17,GSA,"$38,439.12"
A00033,2022-12-18,HHS,"$53,461.71"
A00034,2022-12-24,DHS,"$96,632.41"
A00036,2022-12-25,VA,"$21,407.31"
A00040,2022-12-27,DHS,"$49,166.94"
A00044,2022-12-27,DoD,"$92,469.74"
A00043,2022-12-29,DoD,"$30,334.27"
A00046,2022-12-30,DoD,"$18,056.11"
A00062,2023-01-06,DoD,"$48,306.09"
A00050,2023-01-07,HHS,"$119,723.35"
A00061,2023-01-07,HHS,"$65,220.52"
A00057,2023-01-08,GSA,"$39,809.98"
A00064,2023-01-08,DoD,"$56,347.49"
A00048,2023-01-10,DoD,"$34,029.28"
A00051,2023-01-14,VA,"$46,599.54"
A00060,2023-01-15,DHS,"$37,452.24"
A00047,2023-01-16,DoD,"$86,304.30"
A00063,2023-01-19,HHS,"$20,566.92"
A00054,2023-01-23,HHS,"$26,829.34"
A00052,2023-01-24,HHS,"$99,133.50"
A00053,2023-01-24,HHS,"$52,672.32"
A00056,2023-01-24,GSA,"$36,977.99"
A00055,2023-01-29,VA,"$49,774.19"
A00058,2023-01-29,HHS,"$44,073.03"
A00049,2023-01-30,VA,"$58,222.27"
A00059,2023-01-31,DoD,"$25,381.71"
A00077,2023-02-06,VA,"$87,595.99"
A00076,2023-02-07,DoD,"$87,024.74"
A00070,2023-02-08,DoD,"$103,474.41"
A00071,2023-02-08,DoD,"$66,864.95"
A00072,2023-02-09,GSA,"$91,330.63"
A00069,2023-02-15,DoD,"$45,888.64"
A00074,2023-02-16,DHS,"$85,575.26"
A00073,2023-02-17,DoD,"$50,141.81"
A00065,2023-02-18,DHS,"$50,081.31"
A00067,2023-02-21,VA,"$63,603.53"
A00068,2023-02-25,DoD,"$40,971.07"
A00066,2023-02-26,VA,"$112,932.16"
A00075,2023-02-27,GSA,"$42,167.72"
A00089,2023-03-01,VA,"$25,184.05"
A00085,2023-03-03,DHS,"$67,750.74"
A00097,2023-03-03,DoD,"$32,293.30"
A00105,2023-03-04,GSA,"$82,821.80"
A00103,2023-03-06,DHS,"$53,957.55"
A00098,2023-03-07,DoD,"$55,625.64"
A00080,2023-03-10,DHS,"$16,975.23"
A00081,2023-03-10,DHS,"$55,515.21"
A00094,2023-03-10,DoD,"$37,025.42"
A00079,2023-03-11,DHS,"$53,807.98"
A00087,2023-03-11,DoD,"$60,323.34"
A00088,2023-03-11,DoD,"$65,307.73"
A00106,2023-03-11,HHS,"$62,175.66"
A00086,2023-03-12,VA,"$31,273.50"
A00091,2023-03-12,DoD,"$42,061.72"
A00093,2023-03-12,HHS,"$102,233.36"
A00095,2023-03-12,HHS,"$9,060.77"
A00104,2023-03-15,DHS,"$120,961.03"
A00078,2023-03-18,DoD,"$84,905.06"
A00092,2023-03-19,GSA,"$56,646.18"
A00096,2023-03-19,GSA,"$55,598.75"
A00100,2023-03-23,DoD,"$61,000.51"
A00082,2023-03-24,GSA,"$33,749.35"
A00099,2023-03-24,DoD,"$55,332.74"
A00084,2023-03-25,GSA,"$71,548.05"
A00102,2023-03-27,VA,"$26,928.00"
A00083,2023-03-28,GSA,"$49,431.34"
A00090,2023-03-28,HHS,"$53,759.93"
A00101,2023-03-29,GSA,"$71,761.96"
A00118,2023-04-01,DHS,"$52,220.28"
A00117,2023-04-02,HHS,"$56,227.03"
A00112,2023-04-03,GSA,"$57,559.92"
A00124,2023-04-04,GSA,"$75,476.51"
A00125,2023-04-04,DHS,"$60,191.58"
A00121,2023-04-05,DHS,"$47,597.28"
A00127,2023-04-06,DoD,"$47,006.37"
A00108,2023-04-07,DoD,"$65,116.61"
A00128,2023-04-08,DoD,"$64,569.58"
A00130,2023-04-08,VA,"$98,198.54"
A00133,2023-04-08,HHS,"$25,737.98"
A00107,2023-04-12,HHS,"$46,716.80"
A00110,2023-04-14,VA,"$19,946.02"
A00131,2023-04-14,VA,"$62,481.73"
A00116,2023-04-15,HHS,"$130,808.25"
A00129,2023-04-15,DHS,"$29,471.76"
A00114,2023-04-18,HHS,"$124,430.95"
A00111,2023-04-20,DHS,"$92,077.22"
A00132,2023-04-20,DoD,"$48,620.44"
A00119,2023-04-22,HHS,"$43,656.37"
A00109,2023-04-23,DHS,"$125,609.54"
A00115,2023-04-23,HHS,"$52,462.13"
A00113,2023-04-24,DHS,"$47,164.48"
A00120,2023-04-24,VA,"$57,542.37"
A00123,2023-04-25,VA,"$25,452.23"
A00126,2023-04-26,DoD,"$69,808.12"
A00122,2023-04-28,DoD,"$35,460.36"
A00150,2023-05-03,VA,"$43,745.91"
A00141,2023-05-04,VA,"$24,960.04"
A00143,2023-05-07,DoD,"$44,168.11"
A00136,2023-05-09,HHS,"$63,780.75"
A00145,2023-05-10,HHS,"$35,290.85"
A00148,2023-05-10,DHS,"$97,193.38"
A00140,2023-05-11,VA,"$67,062.24"
A00139,2023-05-13,DoD,"$75,025.61"
A00137,2023-05-17,HHS,"$52,992.43"
A00134,2023-05-18,DoD,"$33,844.90"
A00144,2023-05-24,DoD,"$187,540.82"
A00142,2023-05-26,HHS,"$49,887.89"
A00135,2023-05-27,DoD,"$63,624.09"
A00146,2023-05-27,DHS,"$49,156.47"
A00149,2023-05-27,DoD,"$41,742.38"
A00147,2023-05-28,DHS,"$57,756.74"
A00138,2023-05-31,VA,"$71,463.10"
A00162,2023-06-02,DHS,"$43,889.18"
A00166,2023-06-03,GSA,"$34,371.80"
A00154,2023-06-04,DHS,"$44,029.23"
A00170,2023-06-04,HHS,"$86,629.07"
A00174,2023-06-06,HHS,"$52,785.39"
A00156,2023-06-07,GSA,"$84,373.54"
A00152,2023-06-09,VA,"$93,989.72"
A00155,2023-06-09,VA,"$60,822.63"
A00168,2023-06-09,HHS,"$88,043.02"
A00172,2023-06-12,HHS,"$47,810.20"
A00164,2023-06-13,DoD,"$30,510.53"
A00157,2023-06-14,DoD,"$19,063.22"
A00158,2023-06-14,GSA,"$113,418.37"
A00153,2023-06-16,DHS,"$35,197.43"
A00165,2023-06-17,GSA,"$42,087.83"
A00167,2023-06-17,DoD,"$30,798.17"
A00171,2023-06-17,DHS,"$123,508.58"
A00159,2023-06-21,DoD,"$46,044.41"
A00173,2023-06-21,HHS,"$74,848.49"
A00161,2023-06-22,HHS,"$37,948.65"
A00163,2023-06-22,GSA,"$27,215.47"
A00151,2023-06-23,DoD,"$83,857.41"
A00160,2023-06-23,VA,"$49,192.68"
A00175,2023-06-23,HHS,"$51,218.80"
A00169,2023-06-27,DHS,"$54,281.00"
A00179,2023-07-02,GSA,"$23,424.88"
A00197,2023-07-02,HHS,"$43,629.50"
A00188,2023-07-07,HHS,"$27,016.01"
A00196,2023-07-08,DoD,"$33,570.57"
A00187,2023-07-09,DoD,"$30,594.95"
A00190,2023-07-09,HHS,"$31,929.21"
A00183,2023-07-10,HHS,"$31,752.86"
A00182,2023-07-11,HHS,"$35,755.77"
A00186,2023-07-11,HHS,"$55,677.29"
A00177,2023-07-12,DHS,"$29,887.16"
A00185,2023-07-12,HHS,"$61,954.99"
A00193,2023-07-12,DHS,"$96,009.45"
A00181,2023-07-21,DoD,"$34,750.45"
A00195,2023-07-24,HHS,"$116,100.51"
A00176,2023-07-25,DHS,"$21,014.47"
A00194,2023-07-25,DHS,"$23,660.13"
A00180,2023-07-26,GSA,"$29,108.25"
A00191,2023-07-26,HHS,"$44,572.03"
A00192,2023-07-26,DoD,"$72,377.06"
A00189,2023-07-27,HHS,"$26,001.51"
A00178,2023-07-28,VA,"$56,751.61"
A00184,2023-07-29,VA,"$150,792.73"
A00212,2023-08-01,HHS,"$56,978.37"
A00208,2023-08-03,HHS,"$46,078.67"
A00231,2023-08-03,HHS,"$74,703.35"
A00211,2023-08-05,DoD,"$31,662.97"
A00216,2023-08-05,DHS,"$61,924.46"
A00213,2023-08-06,HHS,"$61,671.33"
A00214,2023-08-06,DHS,"$50,118.25"
A00215,2023-08-06,GSA,"$73,407.91"
A00218,2023-08-07,DoD,"$76,909.30"
A00201,2023-08-09,HHS,"$38,785.75"
A00222,2023-08-09,DHS,"$49,961.60"
A00228,2023-08-09,VA,"$68,456.04"
A00198,2023-08-10,GSA,"$52,237.16"
A00223,2023-08-10,VA,"$66,666.91"
A00200,2023-08-11,DoD,"$35,544.18"
A00220,2023-08-12,VA,"$103,074.68"
A00224,2023-08-12,GSA,"$38,206.95"
A00217,2023-08-13,VA,"$66,891.15"
A00199,2023-08-15,VA,"$110,173.22"
A00209,2023-08-16,DoD,"$56,972.79"
A00230,2023-08-17,DoD,"$52,530.96"
A00225,2023-08-19,VA,"$44,180.33"
A00227,2023-08-19,DHS,"$47,437.27"
A00229,2023-08-22,DoD,"$57,562.76"
A00203,2023-08-24,DoD,"$51,166.81"
A00205,2023-08-24,GSA,"$47,548.15"
A00207,2023-08-24,HHS,"$56,213.75"
A00221,2023-08-24,DoD,"$61,613.29"
A00204,2023-08-25,VA,"$36,315.87"
A00206,2023-08-25,DoD,"$54,044.47"
A00210,2023-08-26,DoD,"$42,899.93"
A00219,2023-08-28,GSA,"$60,699.58"
A00226,2023-08-28,HHS,"$130,185.60"
A00202,2023-08-31,DoD,"$30,521.38"
A00260,2023-09-01,HHS,"$61,106.29"
A00261,2023-09-01,DoD,"$50,592.61"
A00250,2023-09-02,DoD,"$95,909.85"
A00234,2023-09-03,DoD,"$21,295.98"
A00266,2023-09-03,GSA,"$71,274.48"
A00239,2023-09-04,DoD,"$50,589.78"
A00277,2023-09-04,DoD,"$78,933.37"
A00276,2023-09-05,VA,"$138,728.62"
A00282,2023-09-05,DHS,"$44,897.35"
A00271,2023-09-06,GSA,"$44,004.23"
A00279,2023-09-06,DoD,"$68,778.61"
A00281,2023-09-06,DoD,"$36,034.75"
A00290,2023-09-06,DoD,"$38,682.43"
A00237,2023-09-07,DHS,"$66,806.04"
A00253,2023-09-07,HHS,"$32,813.13"
A00255,2023-09-07,GSA,"$62,507.90"
A00263,2023-09-08,VA,"$21,907.25"
A00286,2023-09-08,DoD,"$41,108.45"
A00245,2023-09-09,HHS,"$113,409.68"
A00275,2023-09-09,GSA,"$78,372.88"
A00291,2023-09-09,HHS,"$53,300.71"
A00265,2023-09-10,DoD,"$60,895.06"
A00287,2023-09-10,DoD,"$18,012.06"
A00285,2023-09-11,DHS,"$20,103.72"
A00262,2023-09-12,HHS,"$69,448.05"
A00232,2023-09-13,VA,"$31,212.46"
A00238,2023-09-13,DoD,"$82,144.90"
A00274,2023-09-13,HHS,"$105,510.84"
A00254,2023-09-14,VA,"$36,817.09"
A00270,2023-09-14,HHS,"$22,525.43"
A00289,2023-09-14,DoD,"$45,592.70"
A00246,2023-09-15,HHS,"$31,835.54"
A00283,2023-09-15,DoD,"$105,801.60"
A00288,2023-09-15,HHS,"$63,802.71"
A00257,2023-09-16,HHS,"$60,936.43"
A00241,2023-09-17,DHS,"$64,338.25"
A00248,2023-09-17,DHS,"$23,618.97"
A00256,2023-09-17,DoD,"$44,658.38"
A00240,2023-09-18,DoD,"$138,054.20"
A00267,2023-09-18,DoD,"$44,402.78"
A00269,2023-09-18,GSA,"$44,631.52"
A00243,2023-09-19,VA,"$89,181.73"
A00268,2023-09-19,GSA,"$53,375.35"
A00280,2023-09-21,VA,"$21,380.51"
A00247,2023-09-22,VA,"$48,582.04"
A00249,2023-09-22,HHS,"$65,203.53"
A00278,2023-09-22,VA,"$76,936.86"
A00235,2023-09-24,GSA,"$38,951.73"
A00236,2023-09-24,VA,"$45,063.13"
A00242,2023-09-25,GSA,"$40,270.33"
A00258,2023-09-25,GSA,"$42,550.84"
A00259,2023-09-25,VA,"$185,577.22"
A00273,2023-09-25,HHS,"$167,978.27"
A00251,2023-09-26,DoD,"$71,057.71"
A00252,2023-09-26,DoD,"$47,478.01"
A00233,2023-09-27,DoD,"$74,560.75"
A00272,2023-09-27,HHS,"$50,955.17"
A00284,2023-09-27,DHS,"$160,960.30"
A00244,2023-09-28,GSA,"$52,753.20"
A00264,2023-09-30,HHS,"$35,699.53"
A00303,2023-10-04,DoD,"$40,496.21"
A00301,2023-10-05,VA,"$56,698.91"
A00294,2023-10-07,HHS,"$56,987.03"
A00293,2023-10-09,DoD,"$52,529.48"
A00297,2023-10-10,HHS,"$47,511.96"
A00298,2023-10-10,DoD,"$29,361.13"
A00295,2023-10-13,VA,"$51,736.55"
A00296,2023-10-13,DoD,"$189,910.10"
A00304,2023-10-13,DoD,"$116,699.42"
A00299,2023-10-19,HHS,"$89,774.09"
A00292,2023-10-23,DoD,"$37,344.31"
A00300,2023-10-27,GSA,"$127,351.94"
A00302,2023-10-31,DoD,"$18,517.60"
A00314,2023-11-04,DoD,"$57,419.94"
A00321,2023-11-06,DoD,"$51,569.13"
A00310,2023-11-10,HHS,"$32,674.12"
A00319,2023-11-10,GSA,"$133,087.64"
A00313,2023-11-12,HHS,"$79,483.72"
A00315,2023-11-13,GSA,"$55,321.14"
A00318,2023-11-13,HHS,"$60,727.43"
A00316,2023-11-15,DoD,"$67,214.02"
A00322,2023-11-15,HHS,"$38,076.53"
A00308,2023-11-20,VA,"$64,318.32"
A00323,2023-11-20,DoD,"$36,370.09"
A00307,2023-11-21,HHS,"$23,771.10"
A00317,2023-11-21,DoD,"$24,315.01"
A00312,2023-11-23,HHS,"$52,653.79"
A00309,2023-11-24,HHS,"$48,542.25"
A00320,2023-11-24,GSA,"$21,165.17"
A00306,2023-11-26,DoD,"$17,286.79"
A00305,2023-11-28,DHS,"$37,567.93"
A00311,2023-11-29,HHS,"$68,833.92"
A00341,2023-12-01,DoD,"$111,767.89"
A00333,2023-12-02,DoD,"$28,478.75"
A00335,2023-12-03,DoD,"$41,621.20"
A00338,2023-12-06,DoD,"$64,823.46"
A00327,2023-12-07,DoD,"$31,999.36"
A00326,2023-12-10,DoD,"$53,301.48"
A00332,2023-12-12,DoD,"$76,662.58"
A00328,2023-12-14,VA,"$24,464.71"
A00334,2023-12-18,VA,"$61,150.85"
A00325,2023-12-19,VA,"$83,398.08"
A00329,2023-12-19,HHS,"$58,778.23"
A00331,2023-12-19,DoD,"$73,550.39"
A00336,2023-12-19,DoD,"$49,682.84"
A00339,2023-12-20,DoD,"$41,397.54"
A00337,2023-12-22,VA,"$82,613.78"
A00324,2023-12-24,DHS,"$41,962.04"
A00330,2023-12-28,DoD,"$41,978.70"
A00340,2023-12-31,GSA,"$54,636.75"
A00355,2024-01-01,HHS,"$96,800.94"
A00361,2024-01-02,VA,"$95,794.70"
A00349,2024-01-03,DHS,"$31,829.22"
A00373,2024-01-06,HHS,"$104,925.12"
A00367,2024-01-07,DoD,"$42,834.35"
A00353,2024-01-08,HHS,"$81,398.29"
A00350,2024-01-09,DoD,"$30,078.75"
A00348,2024-01-10,GSA,"$53,550.88"
A00343,2024-01-11,HHS,"$62,283.74"
A00354,2024-01-12,DoD,"$126,914.18"
A00362,2024-01-12,DHS,"$48,839.64"
A00368,2024-01-13,DoD,"$38,004.33"
A00358,2024-01-14,DoD,"$70,857.14"
A00369,2024-01-14,DoD,"$53,234.78"
A00351,2024-01-15,VA,"$30,240.23"
A00359,2024-01-16,GSA,"$16,753.52"
A00342,2024-01-17,DHS,"$171,599.90"
A00371,2024-01-17,GSA,"$39,695.00"
A00365,2024-01-18,GSA,"$51,364.91"
A00356,2024-01-19,DoD,"$60,052.73"
A00345,2024-01-20,VA,"$69,780.80"
A00344,2024-01-21,DoD,"$32,534.30"
A00374,2024-01-21,DHS,"$34,409.32"
A00360,2024-01-23,HHS,"$58,776.54"
A00346,2024-01-24,HHS,"$64,153.04"
A00370,2024-01-24,HHS,"$56,211.07"
A00347,2024-01-26,VA,"$57,887.64"
A00352,2024-01-27,HHS,"$164,759.22"
A00357,2024-01-27,VA,"$63,096.92"
A00375,2024-01-27,DHS,"$45,479.68"
A00364,2024-01-28,DHS,"$29,572.23"
A00372,2024-01-29,VA,"$60,937.55"
A00363,2024-01-30,DHS,"$25,262.79"
A00366,2024-01-31,VA,"$90,407.17"
A00389,2024-02-01,GSA,"$33,016.92"
A00384,2024-02-02,DoD,"$49,746.18"
A00387,2024-02-04,DoD,"$96,966.03"
A00383,2024-02-06,VA,"$22,879.31"
A00376,2024-02-07,DHS,"$78,070.86"
A00390,2024-02-08,DoD,"$69,866.66"
A00395,2024-02-09,VA,"$56,030.13"
A00399,2024-02-09,DoD,"$62,942.05"
A00379,2024-02-11,DoD,"$95,322.02"
A00393,2024-02-12,DHS,"$143,962.90"
A00394,2024-02-12,HHS,"$43,905.60"
A00391,2024-02-13,DoD,"$65,995.52"
A00380,2024-02-17,VA,"$30,677.08"
A00386,2024-02-17,DHS,"$51,466.75"
A00396,2024-02-18,DoD,"$20,037.04"
A00385,2024-02-19,DoD,"$50,113.70"
A00381,2024-02-20,DHS,"$47,773.37"
A00397,2024-02-20,DoD,"$15,995.03"
A00398,2024-02-21,DoD,"$36,553.08"
A00392,2024-02-23,VA,"$164,635.50"
A00382,2024-02-24,DoD,"$32,819.12"
A00377,2024-02-27,HHS,"$81,235.72"
A00388,2024-02-27,DoD,"$49,589.91"
A00378,2024-02-28,DoD,"$77,587.51"
A00417,2024-03-03,DoD,"$38,310.65"
A00406,2024-03-07,DoD,"$85,613.98"
A00413,2024-03-09,HHS,"$34,481.64"
A00416,2024-03-13,DoD,"$15,886.25"
A00402,2024-03-14,HHS,"$63,864.32"
A00409,2024-03-14,GSA,"$35,042.08"
A00400,2024-03-18,DoD,"$31,832.17"
A00403,2024-03-18,HHS,"$52,423.12"
A00410,2024-03-18,VA,"$57,839.35"
A00401,2024-03-19,DHS,"$30,299.24"
A00414,2024-03-20,DoD,"$87,165.07"
A00411,2024-03-23,HHS,"$101,698.45"
A00407,2024-03-24,DHS,"$141,134.79"
A00408,2024-03-24,DHS,"$87,975.61"
A00405,2024-03-27,GSA,"$31,718.26"
A00404,2024-03-28,HHS,"$60,300.07"
A00415,2024-03-29,GSA,"$29,296.70"
A00412,2024-03-30,DoD,"$43,364.64"
A00421,2024-04-01,VA,"$14,429.79"
A00429,2024-04-02,DHS,"$24,237.24"
A00433,2024-04-02,DoD,"$43,521.72"
A00438,2024-04-02,DoD,"$82,249.65"
A00425,2024-04-03,DoD,"$36,569.82"
A00431,2024-04-03,VA,"$48,318.45"
A00437,2024-04-11,DHS,"$55,968.63"
A00442,2024-04-12,DoD,"$35,245.69"
A00420,2024-04-14,VA,"$22,453.85"
A00432,2024-04-14,DoD,"$40,018.57"
A00436,2024-04-14,HHS,"$71,510.45"
A00427,2024-04-16,VA,"$83,777.75"
A00428,2024-04-18,VA,"$166,365.10"
A00435,2024-04-18,DoD,"$49,049.60"
A00441,2024-04-18,GSA,"$59,166.67"
A00419,2024-04-19,GSA,"$35,936.33"
A00423,2024-04-20,VA,"$62,899.70"
A00434,2024-04-20,VA,"$52,718.70"
A00439,2024-04-20,VA,"$113,255.03"
A00422,2024-04-23,DHS,"$47,815.35"
A00426,2024-04-23,HHS,"$32,810.18"
A00430,2024-04-24,VA,"$83,378.37"
A00440,2024-04-25,HHS,"$41,397.25"
A00418,2024-04-27,VA,"$87,385.70"
A00424,2024-04-30,DHS,"$16,702.99"
A00446,2024-05-02,DoD,"$40,918.52"
A00460,2024-05-03,DHS,"$131,892.65"
A00447,2024-05-04,GSA,"$208,774.00"
A00453,2024-05-04,GSA,"$50,666.29"
A00461,2024-05-07,VA,"$44,990.59"
A00459,2024-05-09,DoD,"$47,205.14"
A00445,2024-05-15,DoD,"$144,097.93"
A00452,2024-05-15,DoD,"$24,042.10"
A00449,2024-05-16,VA,"$38,677.60"
A00462,2024-05-16,DoD,"$34,735.36"
A00443,2024-05-19,DHS,"$53,001.32"
A00448,2024-05-19,DHS,"$65,846.30"
A00454,2024-05-19,DoD,"$96,345.73"
A00466,2024-05-20,VA,"$88,718.84"
A00444,2024-05-24,HHS,"$25,960.35"
A00450,2024-05-25,DoD,"$32,177.86"
A00456,2024-05-25,HHS,"$72,768.79"
A00458,2024-05-26,DoD,"$71,469.31"
A00451,2024-05-28,HHS,"$57,117.61"
A00463,2024-05-28,HHS,"$54,028.61"
A00464,2024-05-28,DoD,"$49,957.50"
A00455,2024-05-29,HHS,"$34,484.20"
A00465,2024-05-30,VA,"$40,084.51"
A00467,2024-05-30,HHS,"$90,057.31"
A00457,2024-05-31,HHS,"$30,992.83"
A00468,2024-05-31,DoD,"$116,351.65"
A00485,2024-06-01,HHS,"$89,428.39"
A00496,2024-06-01,DHS,"$38,230.22"
A00472,2024-06-02,DoD,"$93,387.67"
A00469,2024-06-03,DoD,"$40,464.99"
A00476,2024-06-04,GSA,"$33,743.13"
A00478,2024-06-06,HHS,"$23,480.00"
A00481,2024-06-06,VA,"$77,032.57"
A00494,2024-06-06,GSA,"$83,679.51"
A00491,2024-06-08,DHS,"$41,493.91"
A00490,2024-06-10,HHS,"$60,431.91"
A00474,2024-06-11,DoD,"$47,279.50"
A00470,2024-06-12,HHS,"$39,422.81"
A00484,2024-06-13,DoD,"$64,386.31"
A00482,2024-06-14,DoD,"$103,981.90"
A00492,2024-06-14,GSA,"$42,264.78"
A00488,2024-06-15,HHS,"$65,353.72"
A00489,2024-06-15,DoD,"$37,362.61"
A00495,2024-06-17,DoD,"$32,610.09"
A00486,2024-06-19,GSA,"$119,894.14"
A00487,2024-06-19,DHS,"$61,119.70"
A00475,2024-06-21,HHS,"$141,978.05"
A00477,2024-06-23,DoD,"$28,045.67"
A00483,2024-06-23,VA,"$77,945.36"
A00480,2024-06-24,HHS,"$45,001.10"
A00493,2024-06-26,HHS,"$61,742.17"
A00479,2024-06-27,VA,"$108,359.12"
A00473,2024-06-28,GSA,"$48,819.81"
A00471,2024-06-30,DoD,"$33,196.53"
A00508,2024-07-01,DoD,"$56,774.48"
A00514,2024-07-01,DoD,"$76,292.08"
A00518,2024-07-01,DoD,"$146,369.91"
A00509,2024-07-02,HHS,"$40,460.88"
A00503,2024-07-03,HHS,"$124,769.59"
A00507,2024-07-03,VA,"$94,061.26"
A00516,2024-07-04,GSA,"$127,349.03"
A00519,2024-07-04,DoD,"$48,008.51"
A00505,2024-07-07,HHS,"$130,011.05"
A00498,2024-07-08,GSA,"$50,527.90"
A00506,2024-07-08,GSA,"$74,768.54"
A00520,2024-07-08,DoD,"$239,486.81"
A00499,2024-07-09,DoD,"$88,582.96"
A00511,2024-07-10,GSA,"$32,898.29"
A00512,2024-07-10,GSA,"$52,486.66"
A00524,2024-07-10,DoD,"$68,104.06"
A00522,2024-07-11,HHS,"$113,003.03"
A00517,2024-07-12,HHS,"$62,425.73"
A00521,2024-07-12,DoD,"$108,557.68"
A00510,2024-07-13,HHS,"$21,243.88"
A00504,2024-07-15,HHS,"$28,322.10"
A00515,2024-07-15,DoD,"$13,068.25"
A00525,2024-07-18,DHS,"$35,638.49"
A00502,2024-07-19,GSA,"$68,195.70"
A00513,2024-07-22,GSA,"$22,597.36"
A00523,2024-07-23,DoD,"$48,249.19"
A00501,2024-07-25,GSA,"$71,704.53"
A00500,2024-07-29,GSA,"$38,940.18"
A00497,2024-07-30,DHS,"$36,691.20"
A00526,2024-07-31,DHS,"$36,658.22"
A00561,2024-08-02,DoD,"$43,373.23"
A00547,2024-08-03,DHS,"$21,245.35"
A00557,2024-08-04,HHS,"$36,535.47"
A00566,2024-08-04,DoD,"$86,538.54"
A00527,2024-08-05,HHS,"$67,805.01"
A00543,2024-08-05,VA,"$79,973.94"
A00530,2024-08-06,DHS,"$44,975.65"
A00535,2024-08-06,DHS,"$20,318.86"
A00541,2024-08-10,DoD,"$28,601.67"
A00553,2024-08-11,VA,"$57,792.24"
A00550,2024-08-13,DoD,"$105,334.34"
A00552,2024-08-13,VA,"$46,469.92"
A00532,2024-08-14,DoD,"$25,477.82"
A00544,2024-08-14,VA,"$121,434.04"
A00564,2024-08-14,HHS,"$24,808.28"
A00546,2024-08-16,VA,"$49,142.42"
A00551,2024-08-16,VA,"$45,013.00"
A00540,2024-08-17,HHS,"$93,028.35"
A00536,2024-08-19,DHS,"$39,529.73"
A00529,2024-08-20,DoD,"$48,087.35"
A00558,2024-08-20,DoD,"$79,832.85"
A00533,2024-08-21,DHS,"$72,699.66"
A00560,2024-08-21,DoD,"$75,659.77"
A00563,2024-08-21,DoD,"$31,993.98"
A00531,2024-08-22,GSA,"$26,256.87"
A00545,2024-08-22,HHS,"$127,389.20"
A00548,2024-08-23,DHS,"$49,491.40"
A00562,2024-08-23,DoD,"$24,778.14"
A00528,2024-08-24,DoD,"$37,280.35"
A00534,2024-08-24,HHS,"$76,284.03"
A00556,2024-08-25,HHS,"$198,657.90"
A00565,2024-08-25,GSA,"$32,246.94"
A00537,2024-08-26,DoD,"$46,366.94"
A00539,2024-08-26,DHS,"$29,146.06"
A00542,2024-08-26,HHS,"$13,528.01"
A00554,2024-08-26,HHS,"$61,342.84"
A00549,2024-08-27,HHS,"$156,670.46"
A00555,2024-08-27,DoD,"$28,788.98"
A00538,2024-08-29,DHS,"$16,237.35"
A00559,2024-08-31,DoD,"$84,184.75"
A00567,2024-08-31,DoD,"$121,267.43"
A00572,2024-09-01,DoD,"$104,776.12"
A00583,2024-09-01,HHS,"$32,903.36"
A00606,2024-09-02,HHS,"$51,057.63"
A00578,2024-09-05,VA,"$82,000.82"
A00584,2024-09-05,DoD,"$42,833.30"
A00588,2024-09-06,DoD,"$47,255.86"
A00591,2024-09-06,HHS,"$82,525.85"
A00569,2024-09-08,GSA,"$30,713.70"
A00570,2024-09-08,HHS,"$57,309.49"
A00577,2024-09-09,DoD,"$44,732.83"
A00579,2024-09-09,DoD,"$39,435.27"
A00609,2024-09-09,DHS,"$29,748.30"
A00571,2024-09-10,HHS,"$37,241.47"
A00586,2024-09-10,DoD,"$133,855.56"
A00581,2024-09-11,DoD,"$233,377.24"
A00608,2024-09-13,DoD,"$129,295.21"
A00595,2024-09-14,VA,"$24,391.75"
A00596,2024-09-14,DoD,"$81,549.01"
A00605,2024-09-14,DHS,"$88,726.35"
A00594,2024-09-15,HHS,"$58,828.20"
A00574,2024-09-16,DoD,"$18,883.15"
A00568,2024-09-19,DHS,"$232,801.77"
A00575,2024-09-20,DoD,"$112,497.84"
A00592,2024-09-20,DoD,"$68,157.50"
A00599,2024-09-20,HHS,"$280,277.70"
A00602,2024-09-20,DoD,"$123,756.98"
A00587,2024-09-21,HHS,"$144,911.75"
A00590,2024-09-21,HHS,"$137,842.82"
A00607,2024-09-21,DHS,"$53,993.63"
A00589,2024-09-22,DoD,"$239,912.25"
A00604,2024-09-22,VA,"$129,838.00"
A00600,2024-09-23,DoD,"$66,714.40"
A00573,2024-09-24,GSA,"$197,219.37"
A00576,2024-09-24,VA,"$52,366.69"
A00585,2024-09-24,GSA,"$43,501.49"
A00603,2024-09-24,HHS,"$42,783.39"
A00593,2024-09-25,HHS,"$37,042.24"
A00597,2024-09-25,DoD,"$51,522.88"
A00580,2024-09-26,VA,"$51,276.69"
A00601,2024-09-26,DoD,"$117,460.65"
A00582,2024-09-27,VA,"$49,285.04"
A00598,2024-09-30,DHS,"$21,023.91"
A00614,2024-10-04,DoD,"$50,133.79"
A00623,2024-10-04,DHS,"$42,283.34"
A00627,2024-10-06,HHS,"$36,626.73"
A00611,2024-10-07,DoD,"$50,836.24"
A00613,2024-10-07,HHS,"$41,368.31"
A00618,2024-10-07,DHS,"$54,811.45"
A00615,2024-10-09,GSA,"$54,913.81"
A00617,2024-10-16,HHS,"$66,971.08"
A00610,2024-10-17,DHS,"$54,203.53"
A00612,2024-10-19,DoD,"$54,397.11"
A00622,2024-10-19,DoD,"$49,144.08"
A00616,2024-10-23,DHS,"$85,115.95"
A00619,2024-10-23,GSA,"$79,029.33"
A00621,2024-10-23,DoD,"$56,458.34"
A00620,2024-10-24,GSA,"$68,230.06"
A00625,2024-10-25,DoD,"$28,508.35"
A00626,2024-10-25,HHS,"$47,737.73"
A00624,2024-10-27,GSA,"$52,974.12"
A00628,2024-10-31,HHS,"$43,604.15"
A00637,2024-11-01,HHS,"$48,162.25"
A00639,2024-11-02,HHS,"$34,192.71"
A00648,2024-11-02,DHS,"$47,789.27"
A00651,2024-11-05,DHS,"$39,511.54"
A00647,2024-11-09,HHS,"$43,785.91"
A00644,2024-11-10,DHS,"$75,589.29"
A00629,2024-11-11,DHS,"$15,591.10"
A00632,2024-11-11,HHS,"$58,050.66"
A00635,2024-11-11,DoD,"$52,230.07"
A00630,2024-11-12,VA,"$29,350.73"
A00641,2024-11-12,DHS,"$39,745.17"
A00645,2024-11-12,DoD,"$50,519.63"
A00633,2024-11-14,DoD,"$35,902.81"
A00638,2024-11-14,VA,"$60,213.77"
A00634,2024-11-17,HHS,"$64,960.18"
A00649,2024-11-20,DHS,"$26,928.28"
A00640,2024-11-21,GSA,"$43,261.68"
A00643,2024-11-21,DHS,"$60,936.46"
A00631,2024-11-22,DoD,"$33,730.19"
A00642,2024-11-22,DoD,"$60,127.33"
A00636,2024-11-23,DoD,"$88,022.44"
A00646,2024-11-25,DoD,"$16,579.41"
A00650,2024-11-25,DoD,"$58,692.69"
A00656,2024-12-04,DoD,"$57,221.36"
A00654,2024-12-06,HHS,"$20,902.70"
A00659,2024-12-07,HHS,"$25,487.67"
A00665,2024-12-07,VA,"$65,409.37"
A00657,2024-12-10,DoD,"$71,142.64"
A00652,2024-12-11,HHS,"$125,219.68"
A00667,2024-12-13,DoD,"$51,291.83"
A00669,2024-12-13,DHS,"$46,220.14"
A00663,2024-12-15,DoD,"$107,053.78"
A00655,2024-12-16,DoD,"$43,245.11"
A00661,2024-12-16,HHS,"$31,351.89"
A00658,2024-12-17,DoD,"$43,171.34"
A00668,2024-12-18,VA,"$56,828.39"
A00653,2024-12-19,HHS,"$42,229.32"
A00662,2024-12-22,DoD,"$69,382.97"
A00664,2024-12-22,GSA,"$65,296.88"
A00660,2024-12-27,VA,"$74,943.53"
A00666,2024-12-27,DoD,"$106,542.71"
A00670,2024-12-30,HHS,"$77,442.67"
A00678,2025-01-02,GSA,"$20,966.52"
A00688,2025-01-02,DoD,"$43,964.57"
A00680,2025-01-04,DoD,"$33,619.49"
A00682,2025-01-06,VA,"$37,438.23"
A00672,2025-01-07,HHS,"$87,487.07"
A00683,2025-01-07,DoD,"$56,432.42"
A00694,2025-01-07,DHS,"$16,518.80"
A00671,2025-01-08,DoD,"$14,648.01"
A00689,2025-01-08,VA,"$63,764.24"
A00684,2025-01-10,VA,"$145,902.56"
A00675,2025-01-11,HHS,"$185,971.41"
A00681,2025-01-11,VA,"$25,304.56"
A00691,2025-01-12,DoD,"$67,767.96"
A00676,2025-01-13,DoD,"$46,531.27"
A00687,2025-01-19,HHS,"$94,754.66"
A00692,2025-01-19,GSA,"$95,466.70"
A00679,2025-01-21,VA,"$99,669.48"
A00686,2025-01-24,GSA,"$41,304.12"
A00685,2025-01-26,DoD,"$27,738.32"
A00690,2025-01-26,HHS,"$80,042.72"
A00673,2025-01-28,DHS,"$79,280.47"
A00677,2025-01-28,VA,"$104,271.28"
A00674,2025-01-29,VA,"$32,560.64"
A00693,2025-01-30,DoD,"$32,113.84"
A00704,2025-02-01,DoD,"$81,149.26"
A00706,2025-02-01,HHS,"$38,355.53"
A00707,2025-02-02,DHS,"$54,599.79"
A00708,2025-02-02,DHS,"$17,623.14"
A00700,2025-02-04,HHS,"$36,024.72"
A00702,2025-02-06,HHS,"$64,494.44"
A00715,2025-02-07,HHS,"$46,029.54"
A00720,2025-02-07,DoD,"$93,396.30"
A00723,2025-02-07,VA,"$51,553.09"
A00699,2025-02-09,DoD,"$117,739.51"
A00712,2025-02-10,HHS,"$28,262.47"
A00701,2025-02-13,DHS,"$35,609.17"
A00709,2025-02-13,DoD,"$43,383.41"
A00724,2025-02-13,DHS,"$45,700.31"
A00703,2025-02-14,HHS,"$185,930.29"
A00721,2025-02-15,HHS,"$140,733.99"
A00698,2025-02-16,VA,"$62,070.35"
A00714,2025-02-16,DoD,"$95,602.42"
A00717,2025-02-16,HHS,"$54,506.81"
A00705,2025-02-17,VA,"$100,767.80"
A00719,2025-02-17,DoD,"$67,422.53"
A00696,2025-02-19,DoD,"$78,654.53"
A00718,2025-02-20,GSA,"$80,340.69"
A00722,2025-02-20,DHS,"$51,101.37"
A00697,2025-02-21,DoD,"$23,270.96"
A00695,2025-02-23,HHS,"$81,936.12"
A00711,2025-02-24,DHS,"$49,065.69"
A00716,2025-02-24,HHS,"$64,233.63"
A00713,2025-02-25,DoD,"$31,884.75"
A00710,2025-02-27,VA,"$27,572.87"
A00749,2025-03-02,VA,"$44,784.28"
A00725,2025-03-03,HHS,"$177,256.93"
A00734,2025-03-04,GSA,"$84,684.26"
A00742,2025-03-04,DoD,"$180,759.06"
A00747,2025-03-06,HHS,"$45,170.03"
A00752,2025-03-06,VA,"$72,470.08"
A00757,2025-03-06,DoD,"$66,410.03"
A00737,2025-03-08,DHS,"$49,783.90"
A00738,2025-03-08,VA,"$33,117.68"
A00732,2025-03-09,DoD,"$122,263.58"
A00753,2025-03-09,HHS,"$18,734.12"
A00731,2025-03-10,DoD,"$72,921.14"
A00735,2025-03-10,VA,"$52,344.30"
A00744,2025-03-12,HHS,"$117,674.16"
A00750,2025-03-13,VA,"$51,238.43"
A00760,2025-03-13,DoD,"$29,710.17"
A00762,2025-03-13,GSA,"$28,299.78"
A00726,2025-03-14,VA,"$31,229.55"
A00754,2025-03-14,DHS,"$71,026.10"
A00733,2025-03-16,DoD,"$94,767.87"
A00727,2025-03-18,DHS,"$78,379.14"
A00759,2025-03-18,DoD,"$49,774.41"
A00736,2025-03-21,GSA,"$99,975.27"
A00730,2025-03-23,DHS,"$15,078.86"
A00758,2025-03-23,DHS,"$75,180.84"
A00741,2025-03-24,DoD,"$112,530.93"
A00743,2025-03-24,DHS,"$51,649.46"
A00748,2025-03-24,GSA,"$108,059.51"
A00755,2025-03-25,DoD,"$49,984.10"
A00746,2025-03-27,DoD,"$31,225.65"
A00761,2025-03-27,HHS,"$126,881.24"
A00739,2025-03-28,DoD,"$52,640.74"
A00751,2025-03-28,DHS,"$37,180.74"
A00756,2025-03-28,VA,"$57,216.70"
A00729,2025-03-29,DHS,"$30,885.96"
A00745,2025-03-29,HHS,"$171,893.20"
A00763,2025-03-30,GSA,"$41,193.51"
A00728,2025-03-31,DHS,"$75,502.36"
A00740,2025-03-31,GSA,"$38,718.50"
A00781,2025-04-01,DoD,"$61,813.98"
A00784,2025-04-01,GSA,"$138,998.25"
A00794,2025-04-01,VA,"$39,942.29"
A00767,2025-04-02,GSA,"$34,407.39"
A00795,2025-04-02,DHS,"$135,661.71"
A00765,2025-04-03,DHS,"$52,088.05"
A00791,2025-04-04,HHS,"$41,682.81"
A00764,2025-04-06,DHS,"$89,667.04"
A00786,2025-04-06,GSA,"$54,210.58"
A00789,2025-04-06,HHS,"$65,696.97"
A00773,2025-04-08,VA,"$57,163.24"
A00775,2025-04-10,HHS,"$33,625.36"
A00779,2025-04-11,VA,"$77,534.20"
A00788,2025-04-11,DoD,"$28,801.87"
A00793,2025-04-12,VA,"$30,575.73"
A00768,2025-04-13,GSA,"$29,531.66"
A00774,2025-04-13,DoD,"$57,629.63"
A00778,2025-04-13,DoD,"$25,366.68"
A00785,2025-04-13,DoD,"$107,583.81"
A00769,2025-04-17,DoD,"$80,214.01"
A00766,2025-04-18,HHS,"$45,009.95"
A00780,2025-04-18,GSA,"$80,398.34"
A00771,2025-04-19,HHS,"$51,583.17"
A00772,2025-04-19,DoD,"$58,868.51"
A00776,2025-04-20,DHS,"$49,467.04"
A00790,2025-04-21,GSA,"$84,518.10"
A00783,2025-04-23,DoD,"$20,634.23"
A00787,2025-04-23,GSA,"$23,368.75"
A00777,2025-04-24,GSA,"$83,552.02"
A00782,2025-04-25,DoD,"$99,267.91"
A00792,2025-04-26,HHS,"$35,796.79"
A00770,2025-04-28,DoD,"$115,240.38"
A00799,2025-05-01,DHS,"$72,052.00"
A00808,2025-05-01,DoD,"$45,967.51"
A00820,2025-05-01,VA,"$51,473.53"
A00824,2025-05-01,DHS,"$82,453.90"
A00816,2025-05-02,DoD,"$46,031.01"
A00829,2025-05-03,VA,"$47,189.73"
A00802,2025-05-04,GSA,"$20,897.07"
A00805,2025-05-04,GSA,"$25,897.85"
A00812,2025-05-05,GSA,"$50,555.64"
A00798,2025-05-06,DHS,"$25,381.40"
A00811,2025-05-06,HHS,"$171,568.94"
A00825,2025-05-08,VA,"$43,106.72"
A00797,2025-05-09,HHS,"$150,321.67"
A00817,2025-05-10,HHS,"$55,037.53"
A00830,2025-05-10,DoD,"$109,969.32"
A00826,2025-05-11,DHS,"$11,510.13"
A00827,2025-05-11,HHS,"$24,336.60"
A00804,2025-05-12,DHS,"$25,301.80"
A00806,2025-05-12,DHS,"$44,346.47"
A00810,2025-05-12,DHS,"$73,003.32"
A00831,2025-05-12,VA,"$128,591.91"
A00796,2025-05-14,VA,"$120,707.04"
A00809,2025-05-15,DoD,"$65,165.20"
A00819,2025-05-15,DoD,"$25,283.54"
A00803,2025-05-16,DoD,"$54,804.28"
A00822,2025-05-17,DHS,"$63,437.18"
A00807,2025-05-18,HHS,"$96,121.80"
A00815,2025-05-20,GSA,"$52,324.69"
A00801,2025-05-22,DoD,"$36,089.96"
A00818,2025-05-22,DHS,"$32,734.55"
A00800,2025-05-23,HHS,"$54,334.65"
A00814,2025-05-25,DoD,"$75,086.15"
A00823,2025-05-26,DoD,"$39,871.26"
A00813,2025-05-27,DoD,"$155,369.95"
A00821,2025-05-27,GSA,"$47,832.77"
A00828,2025-05-30,GSA,"$40,733.52"
A00842,2025-06-01,DoD,"$119,060.52"
A00847,2025-06-02,DoD,"$59,156.11"
A00832,2025-06-04,DHS,"$32,331.06"
A00854,2025-06-05,DHS,"$29,052.48"
A00845,2025-06-06,HHS,"$54,356.95"
A00839,2025-06-08,DoD,"$46,930.97"
A00837,2025-06-09,DoD,"$86,797.02"
A00851,2025-06-09,DoD,"$38,479.93"
A00844,2025-06-10,VA,"$29,098.80"
A00835,2025-06-12,DHS,"$75,772.06"
A00846,2025-06-12,VA,"$46,807.30"
A00850,2025-06-13,DoD,"$35,568.36"
A00841,2025-06-15,VA,"$37,122.88"
A00849,2025-06-17,DoD,"$24,882.04"
A00855,2025-06-21,VA,"$24,967.73"
A00833,2025-06-22,HHS,"$42,012.31"
A00838,2025-06-22,DoD,"$19,055.43"
A00853,2025-06-22,DoD,"$34,770.02"
A00852,2025-06-23,HHS,"$37,170.84"
A00840,2025-06-27,DoD,"$19,384.28"
A00834,2025-06-28,VA,"$26,622.28"
A00848,2025-06-28,HHS,"$45,605.52"
A00836,2025-06-30,DoD,"$124,875.81"
A00843,2025-06-30,HHS,"$47,271.06"
A00878,2025-07-01,DoD,"$57,323.72"
A00884,2025-07-01,HHS,"$45,425.68"
A00888,2025-07-02,VA,"$43,430.80"
A00874,2025-07-03,VA,"$120,465.74"
A00873,2025-07-04,VA,"$42,819.43"
A00876,2025-07-04,DoD,"$127,365.42"
A00861,2025-07-06,DoD,"$58,924.03"
A00872,2025-07-08,GSA,"$65,036.03"
A00859,2025-07-09,DoD,"$66,807.46"
A00885,2025-07-09,DoD,"$67,009.70"
A00877,2025-07-10,DoD,"$103,742.02"
A00882,2025-07-10,GSA,"$51,925.57"
A00858,2025-07-13,DoD,"$156,660.10"
A00879,2025-07-14,DoD,"$31,472.80"
A00892,2025-07-16,DoD,"$83,336.03"
A00889,2025-07-17,VA,"$77,310.43"
A00862,2025-07-19,DoD,"$17,718.58"
A00869,2025-07-19,DoD,"$36,767.35"
A00886,2025-07-20,HHS,"$54,022.20"
A00893,2025-07-20,DoD,"$28,523.96"
A00856,2025-07-22,VA,"$62,199.91"
A00857,2025-07-22,VA,"$46,528.26"
A00865,2025-07-22,DHS,"$34,661.19"
A00875,2025-07-22,VA,"$56,309.27"
A00881,2025-07-23,DoD,"$77,463.65"
A00867,2025-07-24,DHS,"$34,816.78"
A00871,2025-07-24,HHS,"$34,719.06"
A00868,2025-07-26,DoD,"$49,655.40"
A00870,2025-07-26,DHS,"$27,851.46"
A00880,2025-07-26,HHS,"$120,426.69"
A00891,2025-07-26,DoD,"$59,544.24"
A00863,2025-07-27,GSA,"$189,674.97"
A00866,2025-07-27,DoD,"$39,223.96"
A00860,2025-07-28,DoD,"$58,819.37"
A00864,2025-07-29,DoD,"$24,970.84"
A00883,2025-07-29,DHS,"$29,890.34"
A00887,2025-07-29,DHS,"$58,117.39"
A00890,2025-07-30,DoD,"$43,643.08"
A00928,2025-08-04,HHS,"$50,943.92"
A00899,2025-08-06,DoD,"$19,092.89"
A00934,2025-08-07,DHS,"$28,278.61"
A00912,2025-08-09,DoD,"$26,000.76"
A00894,2025-08-10,DHS,"$36,158.24"
A00930,2025-08-10,DoD,"$43,659.56"
A00909,2025-08-11,DHS,"$98,550.43"
A00924,2025-08-11,DoD,"$28,023.44"
A00906,2025-08-13,GSA,"$61,811.06"
A00910,2025-08-13,DoD,"$197,651.11"
A00926,2025-08-13,DHS,"$72,111.88"
A00896,2025-08-14,DoD,"$35,553.48"
A00913,2025-08-15,DHS,"$67,205.22"
A00918,2025-08-15,HHS,"$43,887.21"
A00922,2025-08-16,HHS,"$42,128.71"
A00927,2025-08-16,HHS,"$86,683.06"
A00925,2025-08-18,DoD,"$47,617.15"
A00936,2025-08-18,VA,"$64,082.76"
A00900,2025-08-19,HHS,"$62,984.07"
A00929,2025-08-20,GSA,"$84,764.85"
A00932,2025-08-21,HHS,"$68,260.33"
A00915,2025-08-22,GSA,"$24,321.83"
A00933,2025-08-22,DHS,"$32,222.66"
A00905,2025-08-23,DoD,"$49,330.09"
A00921,2025-08-25,DoD,"$77,924.88"
A00935,2025-08-25,GSA,"$47,489.89"
A00895,2025-08-26,VA,"$48,059.39"
A00898,2025-08-27,DHS,"$7,232.97"
A00907,2025-08-27,DoD,"$35,278.37"
A00908,2025-08-27,VA,"$46,161.15"
A00919,2025-08-27,VA,"$49,151.58"
A00923,2025-08-27,HHS,"$131,961.19"
A00937,2025-08-27,DHS,"$53,391.98"
A00897,2025-08-28,DoD,"$59,653.49"
A00904,2025-08-28,DoD,"$47,215.24"
A00920,2025-08-28,HHS,"$74,876.27"
A00931,2025-08-28,HHS,"$89,175.13"
A00911,2025-08-29,HHS,"$73,192.04"
A00901,2025-08-30,DoD,"$49,073.15"
A00917,2025-08-30,VA,"$39,102.15"
A00902,2025-08-31,DoD,"$39,297.48"
A00903,2025-08-31,HHS,"$104,139.77"
A00914,2025-08-31,DoD,"$24,516.17"
A00916,2025-08-31,DoD,"$256,778.41"
A00943,2025-09-01,DoD,"$57,995.71"
A00990,2025-09-01,DoD,"$41,742.92"
A00948,2025-09-02,GSA,"$160,018.51"
A00960,2025-09-02,DoD,"$39,112.41"
A00964,2025-09-02,VA,"$35,202.79"
A00967,2025-09-02,HHS,"$54,581.27"
A00986,2025-09-02,DHS,"$165,607.48"
A00965,2025-09-04,VA,"$55,154.53"
A00939,2025-09-06,DHS,"$46,999.97"
A00970,2025-09-06,DoD,"$94,699.63"
A00971,2025-09-06,DoD,"$66,617.53"
A00981,2025-09-06,VA,"$135,990.43"
A00992,2025-09-06,HHS,"$32,258.37"
A00950,2025-09-07,HHS,"$135,281.56"
A00979,2025-09-07,DoD,"$56,175.05"
A00982,2025-09-07,GSA,"$39,624.61"
A00947,2025-09-08,GSA,"$25,724.83"
A00956,2025-09-08,DoD,"$87,270.86"
A00946,2025-09-09,VA,"$39,817.11"
A00944,2025-09-11,DHS,"$47,113.17"
A00976,2025-09-11,DHS,"$58,775.27"
A00940,2025-09-12,VA,"$35,485.30"
A00953,2025-09-12,GSA,"$35,230.38"
A00991,2025-09-13,DoD,"$75,421.66"
A00961,2025-09-14,DoD,"$35,767.81"
A00985,2025-09-14,HHS,"$80,067.02"
A00942,2025-09-15,DoD,"$66,673.72"
A00951,2025-09-15,DoD,"$50,775.79"
A00966,2025-09-15,VA,"$52,467.44"
A00989,2025-09-15,HHS,"$40,706.90"
A00952,2025-09-16,GSA,"$63,970.45"
A00973,2025-09-16,VA,"$17,303.66"
A00980,2025-09-16,DHS,"$16,685.89"
A00968,2025-09-17,HHS,"$100,440.08"
A00983,2025-09-17,HHS,"$68,858.18"
A00984,2025-09-17,VA,"$72,353.25"
A00945,2025-09-19,DHS,"$48,041.73"
A00959,2025-09-19,DoD,"$68,191.55"
A00974,2025-09-19,DoD,"$28,450.10"
A00977,2025-09-19,HHS,"$73,159.00"
A00955,2025-09-20,DHS,"$54,311.70"
A00958,2025-09-20,GSA,"$95,816.27"
A00941,2025-09-21,DoD,"$212,129.40"
A00978,2025-09-21,GSA,"$30,364.12"
A00993,2025-09-21,GSA,"$69,584.66"
A00954,2025-09-22,DoD,"$17,777.36"
A00963,2025-09-22,DoD,"$52,102.62"
A00969,2025-09-22,DoD,"$58,966.24"
A00962,2025-09-23,HHS,"$30,480.73"
A00994,2025-09-23,VA,"$57,745.14"
A00972,2025-09-24,VA,"$107,890.23"
A00987,2025-09-25,VA,"$38,756.06"
A00988,2025-09-26,DoD,"$25,733.06"
A00938,2025-09-27,VA,"$59,408.83"
A00975,2025-09-27,DoD,"$33,319.28"
A00949,2025-09-28,HHS,"$62,916.49"
A00957,2025-09-29,VA,"$135,566.35"
A01003,2025-10-02,HHS,"$61,934.98"
A01004,2025-10-07,DoD,"$43,190.04"
A01001,2025-10-08,DoD,"$52,901.78"
A00999,2025-10-16,DoD,"$49,599.52"
A01005,2025-10-20,VA,"$10,452.33"
A00996,2025-10-23,DoD,"$39,092.53"
A01002,2025-10-23,GSA,"$63,616.38"
A00995,2025-10-26,HHS,"$34,655.46"
A00997,2025-10-30,HHS,"$45,976.37"
A00998,2025-10-30,DoD,"$35,812.47"
A01000,2025-10-30,HHS,"$46,986.77"
A01017,2025-11-04,DoD,"$99,492.20"
A01021,2025-11-05,DoD,"$60,998.62"
A01010,2025-11-06,DoD,"$34,535.17"
A01023,2025-11-06,VA,"$52,601.35"
A01008,2025-11-08,HHS,"$96,879.00"
A01006,2025-11-09,DoD,"$137,317.37"
A01011,2025-11-09,HHS,"$43,369.94"
A01015,2025-11-10,DoD,"$58,540.01"
A01019,2025-11-13,HHS,"$85,879.10"
A01009,2025-11-14,DoD,"$26,020.02"
A01020,2025-11-14,VA,"$49,638.15"
A01007,2025-11-15,DoD,"$90,734.15"
A01018,2025-11-19,DoD,"$67,759.43"
A01013,2025-11-22,VA,"$61,239.10"
A01022,2025-11-23,GSA,"$67,360.62"
A01012,2025-11-24,HHS,"$143,349.87"
A01014,2025-11-26,DoD,"$27,611.58"
A01025,2025-11-28,HHS,"$23,639.30"
A01016,2025-11-29,DHS,"$28,569.33"
A01024,2025-11-29,GSA,"$97,932.65"
A01034,2025-12-03,HHS,"$77,837.96"
A01036,2025-12-03,VA,"$81,629.65"
A01041,2025-12-03,DHS,"$34,420.72"
A01027,2025-12-04,DoD,"$34,026.79"
A01029,2025-12-04,DHS,"$73,861.92"
A01028,2025-12-05,GSA,"$64,809.27"
A01030,2025-12-15,DHS,"$105,845.30"
A01031,2025-12-21,DoD,"$25,192.75"
A01037,2025-12-21,VA,"$71,719.51"
A01039,2025-12-21,DHS,"$91,721.93"
A01033,2025-12-23,HHS,"$59,361.26"
A01026,2025-12-24,DoD,"$33,500.93"
A01032,2025-12-24,HHS,"$71,746.85"
A01038,2025-12-25,GSA,"$50,470.49"
A01035,2025-12-26,DHS,"$66,627.25"
A01040,2025-12-31,GSA,"$71,392.75"
A01049,2026-01-03,DoD,"$24,531.51"
A01064,2026-01-04,DHS,"$21,338.34"
A01050,2026-01-06,VA,"$48,133.40"
A01052,2026-01-06,GSA,"$81,782.34"
A01059,2026-01-06,DHS,"$59,150.36"
A01070,2026-01-06,HHS,"$41,595.45"
A01053,2026-01-07,DoD,"$41,355.86"
A01065,2026-01-08,DoD,"$73,109.69"
A01045,2026-01-09,DHS,"$48,300.78"
A01046,2026-01-09,DoD,"$25,621.70"
A01060,2026-01-09,DoD,"$103,910.05"
A01066,2026-01-09,HHS,"$40,545.73"
A01042,2026-01-10,DHS,"$80,625.40"
A01054,2026-01-10,HHS,"$63,359.83"
A01063,2026-01-10,DoD,"$73,790.57"
A01068,2026-01-12,DoD,"$69,845.46"
A01055,2026-01-15,GSA,"$33,994.24"
A01057,2026-01-18,DHS,"$161,846.07"
A01058,2026-01-18,VA,"$28,007.66"
A01067,2026-01-20,VA,"$45,167.31"
A01062,2026-01-21,HHS,"$20,154.91"
A01051,2026-01-22,DoD,"$66,771.17"
A01056,2026-01-28,GSA,"$154,215.08"
A01043,2026-01-29,DoD,"$38,039.09"
A01044,2026-01-29,HHS,"$29,718.84"
A01061,2026-01-30,GSA,"$58,230.96"
A01069,2026-01-30,GSA,"$38,782.33"
A01071,2026-01-30,HHS,"$65,902.61"
A01047,2026-01-31,VA,"$55,986.20"
A01048,2026-01-31,DoD,"$44,920.46"
A01094,2026-02-01,DoD,"$28,749.02"
A01091,2026-02-02,DoD,"$93,221.27"
A01079,2026-02-04,GSA,"$115,586.77"
A01098,2026-02-04,DoD,"$52,796.16"
A01080,2026-02-05,DoD,"$164,136.83"
A01072,2026-02-06,GSA,"$16,562.31"
A01096,2026-02-06,GSA,"$76,017.36"
A01073,2026-02-07,DHS,"$32,055.30"
A01076,2026-02-07,HHS,"$71,257.60"
A01086,2026-02-07,DoD,"$70,623.04"
A01097,2026-02-08,DoD,"$36,857.46"
A01089,2026-02-09,HHS,"$100,698.41"
A01099,2026-02-09,DoD,"$236,614.79"
A01078,2026-02-11,DoD,"$37,376.24"
A01093,2026-02-11,DoD,"$35,877.58"
A01084,2026-02-12,GSA,"$83,801.64"
A01090,2026-02-12,DoD,"$87,338.20"
A01083,2026-02-13,GSA,"$109,751.49"
A01074,2026-02-14,DoD,"$27,337.54"
A01075,2026-02-18,HHS,"$51,268.18"
A01085,2026-02-18,VA,"$98,882.51"
A01095,2026-02-18,HHS,"$24,399.70"
A01077,2026-02-19,GSA,"$30,916.58"
A01092,2026-02-19,GSA,"$95,498.19"
A01082,2026-02-24,DHS,"$55,721.43"
A01088,2026-02-25,DoD,"$22,598.27"
A01081,2026-02-28,HHS,"$47,118.27"
A01087,2026-02-28,DHS,"$27,267.25"
A01100,2026-03-01,GSA,"$21,923.59"
A01135,2026-03-01,DoD,"$65,344.32"
A01101,2026-03-02,VA,"$36,097.36"
A01110,2026-03-02,DoD,"$65,417.07"
A01126,2026-03-02,DHS,"$127,253.91"
A01113,2026-03-03,HHS,"$62,402.83"
A01119,2026-03-03,DoD,"$62,725.71"
A01120,2026-03-03,VA,"$65,988.63"
A01114,2026-03-05,VA,"$95,149.95"
A01104,2026-03-06,HHS,"$101,097.27"
A01116,2026-03-06,HHS,"$15,627.97"
A01131,2026-03-07,DHS,"$33,074.32"
A01103,2026-03-10,HHS,"$28,363.23"
A01125,2026-03-10,VA,"$81,724.52"
A01122,2026-03-11,DoD,"$41,992.60"
A01128,2026-03-11,DoD,"$226,155.52"
A01132,2026-03-11,DoD,"$46,600.63"
A01107,2026-03-12,HHS,"$81,453.36"
A01118,2026-03-12,DHS,"$31,620.65"
A01108,2026-03-13,DHS,"$82,404.06"
A01123,2026-03-13,HHS,"$52,358.51"
A01106,2026-03-15,GSA,"$17,951.57"
A01133,2026-03-16,VA,"$29,352.51"
A01134,2026-03-17,DoD,"$25,900.47"
A01117,2026-03-19,DoD,"$19,070.04"
A01124,2026-03-20,HHS,"$40,950.13"
A01127,2026-03-22,GSA,"$37,005.48"
A01111,2026-03-23,DoD,"$45,224.07"
A01129,2026-03-23,HHS,"$119,384.86"
A01109,2026-03-24,HHS,"$44,168.05"
A01130,2026-03-24,HHS,"$47,960.26"
A01121,2026-03-26,GSA,"$38,981.06"
A01112,2026-03-27,DHS,"$34,282.04"
A01105,2026-03-28,HHS,"$97,008.26"
A01102,2026-03-29,DoD,"$35,073.45"
A01115,2026-03-31,GSA,"$72,750.56"
A01139,2026-04-02,HHS,"$40,225.88"
A01162,2026-04-02,HHS,"$62,911.60"
A01170,2026-04-03,DoD,"$29,265.23"
A01172,2026-04-03,VA,"$51,032.33"
A01141,2026-04-04,HHS,"$173,781.44"
A01161,2026-04-04,DHS,"$19,655.69"
A01164,2026-04-04,GSA,"$17,045.15"
A01140,2026-04-05,DHS,"$74,450.40"
A01156,2026-04-07,DHS,"$26,485.74"
A01151,2026-04-08,GSA,"$21,510.51"
A01136,2026-04-09,DoD,"$56,512.08"
A01154,2026-04-09,HHS,"$75,184.72"
A01143,2026-04-10,HHS,"$53,356.14"
A01152,2026-04-12,DoD,"$64,148.65"
A01166,2026-04-12,DoD,"$50,636.12"
A01146,2026-04-13,VA,"$104,035.23"
A01167,2026-04-13,VA,"$24,341.38"
A01159,2026-04-14,DHS,"$147,786.63"
A01144,2026-04-15,DHS,"$34,193.18"
A01157,2026-04-15,DoD,"$71,869.18"
A01175,2026-04-15,DHS,"$25,031.05"
A01171,2026-04-17,GSA,"$35,174.17"
A01169,2026-04-19,DoD,"$63,031.06"
A01138,2026-04-20,DoD,"$52,888.03"
A01142,2026-04-20,HHS,"$48,241.08"
A01137,2026-04-21,VA,"$92,086.29"
A01165,2026-04-21,DHS,"$34,359.95"
A01153,2026-04-22,DoD,"$53,660.44"
A01160,2026-04-22,DHS,"$65,609.29"
A01163,2026-04-22,HHS,"$47,238.40"
A01168,2026-04-22,VA,"$30,333.10"
A01150,2026-04-23,HHS,"$52,170.86"
A01176,2026-04-23,HHS,"$25,221.56"
A01147,2026-04-28,GSA,"$46,449.62"
A01145,2026-04-29,VA,"$114,921.56"
A01149,2026-04-29,GSA,"$39,625.14"
A01155,2026-04-29,HHS,"$48,726.73"
A01158,2026-04-29,HHS,"$27,327.58"
A01148,2026-04-30,GSA,"$87,146.10"
A01173,2026-04-30,DoD,"$76,351.85"
A01174,2026-04-30,DoD,"$56,659.74"
A01185,2026-05-02,GSA,"$50,105.93"
A01193,2026-05-02,VA,"$44,164.34"
A01210,2026-05-02,DHS,"$79,383.50"
A01200,2026-05-03,HHS,"$46,915.17"
A01201,2026-05-03,VA,"$93,651.80"
A01208,2026-05-05,DoD,"$44,844.10"
A01215,2026-05-05,DoD,"$54,920.22"
A01177,2026-05-06,VA,"$42,217.11"
A01202,2026-05-06,GSA,"$51,946.66"
A01217,2026-05-06,VA,"$38,824.53"
A01178,2026-05-08,DoD,"$88,091.43"
A01184,2026-05-08,VA,"$37,595.52"
A01198,2026-05-09,DoD,"$38,192.87"
A01183,2026-05-10,DoD,"$42,963.32"
A01186,2026-05-10,DHS,"$50,297.15"
A01189,2026-05-10,DoD,"$59,519.64"
A01190,2026-05-10,DoD,"$165,744.15"
A01179,2026-05-11,DHS,"$54,883.69"
A01180,2026-05-11,DoD,"$148,133.62"
A01207,2026-05-11,DoD,"$80,678.81"
A01203,2026-05-12,HHS,"$93,986.71"
A01204,2026-05-12,DoD,"$11,458.97"
A01216,2026-05-14,DoD,"$178,148.77"
A01218,2026-05-16,GSA,"$46,564.02"
A01192,2026-05-17,GSA,"$25,496.81"
A01199,2026-05-19,DoD,"$38,460.74"
A01205,2026-05-21,DHS,"$59,755.71"
A01187,2026-05-22,HHS,"$99,294.36"
A01182,2026-05-24,DoD,"$59,133.49"
A01213,2026-05-24,DoD,"$113,818.82"
A01195,2026-05-25,DoD,"$76,822.51"
A01214,2026-05-25,HHS,"$42,656.86"
A01181,2026-05-26,VA,"$56,853.28"
A01194,2026-05-27,VA,"$56,493.31"
A01188,2026-05-28,GSA,"$53,671.67"
A01191,2026-05-28,HHS,"$56,177.77"
A01196,2026-05-28,DoD,"$58,661.32"
A01209,2026-05-28,DoD,"$56,963.95"
A01197,2026-05-29,DHS,"$113,954.25"
A01206,2026-05-31,VA,"$154,544.52"
A01211,2026-05-31,DoD,"$94,362.92"
A01212,2026-05-31,DoD,"$25,675.39"
A01239,2026-06-01,HHS,"$72,818.78"
A01252,2026-06-03,HHS,"$76,050.78"
A01220,2026-06-07,HHS,"$66,499.48"
A01224,2026-06-07,DHS,"$51,429.49"
A01232,2026-06-07,GSA,"$93,615.16"
A01233,2026-06-07,DoD,"$48,946.78"
A01222,2026-06-08,DoD,"$47,344.12"
A01240,2026-06-08,DoD,"$51,574.01"
A01247,2026-06-08,VA,"$24,423.22"
A01246,2026-06-09,DoD,"$47,072.82"
A01226,2026-06-10,GSA,"$43,064.47"
A01228,2026-06-11,DHS,"$69,390.07"
A01235,2026-06-11,VA,"$41,586.46"
A01219,2026-06-12,DoD,"$45,808.33"
A01249,2026-06-12,DHS,"$215,357.36"
A01242,2026-06-13,DoD,"$81,179.71"
A01245,2026-06-13,HHS,"$71,022.67"
A01237,2026-06-14,GSA,"$36,696.92"
A01253,2026-06-15,HHS,"$107,708.45"
A01231,2026-06-17,DHS,"$55,873.98"
A01236,2026-06-17,DHS,"$48,454.14"
A01238,2026-06-17,DoD,"$135,097.84"
A01244,2026-06-17,DoD,"$89,991.26"
A01250,2026-06-17,VA,"$76,352.42"
A01230,2026-06-18,GSA,"$69,275.85"
A01241,2026-06-18,GSA,"$91,446.90"
A01223,2026-06-21,VA,"$32,148.52"
A01227,2026-06-23,VA,"$73,354.84"
A01248,2026-06-23,GSA,"$63,882.15"
A01221,2026-06-25,GSA,"$35,742.88"
A01225,2026-06-25,HHS,"$93,528.46"
A01234,2026-06-25,DoD,"$70,323.32"
A01251,2026-06-25,DoD,"$70,543.75"
A01243,2026-06-26,GSA,"$61,504.24"
A01254,2026-06-26,DoD,"$64,942.35"
A01229,2026-06-27,DoD,"$24,925.53"
A01282,2026-07-03,DHS,"$30,833.36"
A01284,2026-07-03,VA,"$50,761.63"
A01271,2026-07-06,DoD,"$35,392.48"
A01259,2026-07-08,GSA,"$32,094.14"
A01262,2026-07-09,HHS,"$60,878.52"
A01261,2026-07-10,HHS,"$53,820.31"
A01274,2026-07-10,DoD,"$42,916.72"
A01258,2026-07-12,DoD,"$77,540.08"
A01279,2026-07-12,GSA,"$38,373.86"
A01256,2026-07-13,DHS,"$57,569.71"
A01266,2026-07-13,DoD,"$32,351.12"
A01264,2026-07-16,HHS,"$20,438.89"
A01269,2026-07-16,HHS,"$45,331.30"
A01270,2026-07-16,DoD,"$42,268.97"
A01267,2026-07-18,DoD,"$38,184.73"
A01275,2026-07-18,DHS,"$107,512.43"
A01278,2026-07-19,DHS,"$25,545.00"
A01257,2026-07-23,HHS,"$17,564.71"
A01260,2026-07-23,GSA,"$27,607.38"
A01273,2026-07-23,VA,"$51,926.66"
A01276,2026-07-23,DoD,"$20,805.75"
A01281,2026-07-24,DoD,"$24,953.66"
A01283,2026-07-25,GSA,"$113,142.20"
A01265,2026-07-26,VA,"$77,311.61"
A01277,2026-07-26,GSA,"$75,894.29"
A01280,2026-07-26,DoD,"$95,497.48"
A01268,2026-07-28,DoD,"$42,159.74"
A01255,2026-07-29,HHS,"$33,864.02"
A01263,2026-07-30,HHS,"$37,794.70"
A01272,2026-07-30,DoD,"$62,456.25"
A01309,2026-08-01,DHS,"$27,957.31"
A01319,2026-08-01,DHS,"$78,554.10"
A01295,2026-08-02,HHS,"$50,512.51"
A01310,2026-08-02,HHS,"$69,223.60"
A01317,2026-08-02,GSA,"$68,819.90"
A01325,2026-08-02,HHS,"$23,813.92"
A01326,2026-08-02,GSA,"$31,192.10"
A01307,2026-08-03,DHS,"$202,988.79"
A01296,2026-08-05,DoD,"$49,317.04"
A01286,2026-08-07,DHS,"$35,449.91"
A01305,2026-08-07,DoD,"$51,344.26"
A01298,2026-08-09,DoD,"$31,205.09"
A01315,2026-08-09,DoD,"$176,953.73"
A01304,2026-08-10,DHS,"$181,138.26"
A01323,2026-08-11,DoD,"$60,283.87"
A01311,2026-08-12,GSA,"$94,585.36"
A01320,2026-08-12,GSA,"$58,180.14"
A01294,2026-08-14,DHS,"$94,118.14"
A01299,2026-08-16,DoD,"$30,409.07"
A01297,2026-08-17,HHS,"$53,918.38"
A01301,2026-08-17,VA,"$72,313.60"
A01312,2026-08-17,HHS,"$29,609.20"
A01308,2026-08-18,VA,"$77,830.52"
A01290,2026-08-19,DHS,"$36,881.84"
A01302,2026-08-20,GSA,"$55,146.83"
A01314,2026-08-20,DHS,"$34,409.02"
A01318,2026-08-20,DHS,"$58,068.00"
A01288,2026-08-21,HHS,"$43,750.80"
A01300,2026-08-21,DoD,"$30,219.32"
A01285,2026-08-22,DoD,"$70,911.66"
A01306,2026-08-22,HHS,"$51,219.96"
A01313,2026-08-22,HHS,"$61,155.61"
A01287,2026-08-23,GSA,"$66,412.47"
A01289,2026-08-23,HHS,"$31,963.86"
A01327,2026-08-26,DoD,"$133,463.04"
A01292,2026-08-27,HHS,"$53,635.46"
A01316,2026-08-27,VA,"$47,629.73"
A01322,2026-08-27,VA,"$75,750.07"
A01324,2026-08-28,GSA,"$17,840.26"
A01291,2026-08-29,VA,"$72,569.27"
A01321,2026-08-29,DoD,"$53,672.39"
A01293,2026-08-31,DoD,"$51,732.29"
A01303,2026-08-31,VA,"$97,414.11"
A01351,2026-09-01,DoD,"$34,888.13"
A01328,2026-09-02,DoD,"$45,003.32"
A01350,2026-09-02,DoD,"$111,096.84"
A01382,2026-09-02,DHS,"$79,756.00"
A01370,2026-09-03,DoD,"$44,672.61"
A01341,2026-09-04,DoD,"$120,394.06"
A01354,2026-09-04,DoD,"$71,580.81"
A01369,2026-09-04,VA,"$88,627.60"
A01376,2026-09-04,DoD,"$55,735.54"
A01344,2026-09-05,DoD,"$16,717.02"
A01373,2026-09-06,DoD,"$74,986.04"
A01345,2026-09-07,DoD,"$143,974.77"
A01361,2026-09-07,DoD,"$67,079.37"
A01364,2026-09-07,GSA,"$56,037.66"
A01337,2026-09-08,VA,"$29,252.74"
A01346,2026-09-08,DoD,"$54,309.59"
A01348,2026-09-08,GSA,"$42,160.99"
A01380,2026-09-08,DoD,"$22,685.70"
A01342,2026-09-09,VA,"$52,896.10"
A01352,2026-09-09,HHS,"$72,758.67"
A01366,2026-09-09,GSA,"$43,707.12"
A01375,2026-09-10,HHS,"$23,515.28"
A01332,2026-09-11,DoD,"$60,291.28"
A01335,2026-09-11,VA,"$42,852.93"
A01353,2026-09-12,DoD,"$98,549.00"
A01372,2026-09-12,GSA,"$16,503.89"
A01374,2026-09-12,HHS,"$31,838.58"
A01339,2026-09-13,VA,"$22,729.70"
A01349,2026-09-13,DoD,"$34,647.92"
A01333,2026-09-16,DoD,"$35,756.44"
A01356,2026-09-16,DoD,"$43,131.97"
A01360,2026-09-17,VA,"$95,849.94"
A01362,2026-09-17,DoD,"$39,134.95"
A01358,2026-09-18,HHS,"$19,775.41"
A01371,2026-09-19,HHS,"$32,935.61"
A01381,2026-09-19,DoD,"$22,303.00"
A01367,2026-09-20,DHS,"$64,437.76"
A01378,2026-09-20,DoD,"$67,748.70"
A01334,2026-09-21,HHS,"$32,786.50"
A01338,2026-09-22,DHS,"$132,751.23"
A01340,2026-09-22,DoD,"$45,059.21"
A01357,2026-09-22,DoD,"$71,980.17"
A01331,2026-09-24,DoD,"$65,444.82"
A01355,2026-09-24,DoD,"$113,497.87"
A01363,2026-09-24,GSA,"$32,721.67"
A01329,2026-09-25,GSA,"$48,954.79"
A01330,2026-09-25,HHS,"$54,381.11"
A01359,2026-09-26,DHS,"$82,781.78"
A01377,2026-09-26,DHS,"$49,978.10"
A01336,2026-09-27,VA,"$66,088.44"
A01368,2026-09-27,DoD,"$55,850.50"
A01379,2026-09-27,VA,"$65,374.51"
A01343,2026-09-29,DoD,"$42,253.73"
A01347,2026-09-29,DoD,"$51,352.05"
A01365,2026-09-29,VA,"$65,913.48"
